"서준", "민준", "도윤", "예준", "하준", "시우", "지호", "주원", "지후", "도현"
"준우", "준서", "건우", "우진", "현우", "선우", "지훈", "은우", "유준", "연우"
"이준", "서진", "시윤", "민재", "현준", "정우", "윤우", "수호", "승우", "지우"
"유찬", "지환", "승현", "준혁", "시후", "이안", "승민", "진우", "민성", "수현"
"지원", "준영", "시현", "지한", "한결", "우주", "재윤", "지안", "태윤", "은호"
"서우", "시온", "은찬", "시원", "윤호", "민우", "동현", "민규", "로운", "재원"
"우빈", "민찬", "재민", "이현", "하진", "율", "하율", "지율", "도하", "준호"
"성민", "하민", "민호", "태민", "승준", "윤재", "재현", "지민", "성현", "하람"
"다온", "현서", "준", "지성", "예성", "태현", "민혁", "태양", "규민", "이든"
"성준", "정민", "도훈", "윤성", "주안", "은성", "예찬", "도율", "주호", "도영"
"서윤", "서연", "지우", "하윤", "서현", "하은", "민서", "지유", "윤서", "지아"
"채원", "수아", "서아", "지민", "지윤", "다은", "지안", "은서", "하린", "소율"
"예은", "예린", "수빈", "소윤", "유나", "예원", "지원", "시은", "채은", "아린"
"윤아", "시아", "예나", "유진", "아윤", "예서", "가은", "유주", "하율", "연우"
"민지", "주아", "예진", "다인", "서영", "서우", "나은", "수연", "연서", "수민"
"아인", "서은", "채윤", "서하", "나윤", "서율", "채아", "시연", "지율", "하연"
"다연", "현서", "다현", "소은", "유빈", "이서", "예지", "서진", "수현", "나연"
"사랑", "지은", "세아", "다윤", "은채", "예빈", "다온", "시현", "민주", "지수"
"지현", "소연", "소민", "윤지", "주하", "채린", "승아", "유하", "하영", "혜원"
"소이", "세은", "나현", "민아", "서희", "아영", "리아", "아현", "도연", "규리"